{
    "data": [
        {
            "company":"Wellmark",
            "title":"Solutions Architect",
            "start":"October 2017",
            "end":"",
            "url":"",
            "description":[
                "Lead the architectural designs (solution context diagram and conceptual data model) for solutions to optimize security, information leverage and re-use, integration, performance, and availability and ensure solutions developed adhere and aligns to the delivered architecture. Fulfill service level agreements and ensure solutions remains current with industry best practices, technologies and with Wellmark’s standards.",
                "Consult and influence application teams regarding solutions. Collaborate with Tm Ldr & Lead Architect to design and implement effective technology solutions, while using innovative business and technology processes to identify and implement improvement initiatives, eliminate redundancies and maximizes re-use of applications.",
                "Will oversee and lead planning, developing and estimating of technical solutions. When appropriate, collaborate and work with other technical teams in to better provide subject matter expertise and insights.",
                "Develops architecture models and technical standards that enable the transition of Wellmark’s systems from current state to future requirements. Will collaborate with Lead Architect for assigned domain, business systems analyst and other stakeholders to provide insight/ direction regarding process improvements.",
                "Consults with business stakeholders regarding subject matter knowledge related to project tasks, schedules/status updates and technical planning to ensure architectures are developed in alignment with business expectations."    
            ]
        },
        {
            "company":"Voce Communications",
            "title":"Lead Application Developer",
            "start":"January 2016",
            "end":"June 2017",
            "url":"",
            "description":[
                "Helped lead a team of mainly WordPress developers in building high end sites",
                "Built WordPress VIP hosted websites for large scale and high traffic sites",
                "Responded to RFPs",
                "Scoped incoming projects"
            ]
        },
        {
            "company":"Mittera",
            "title":"Lead Developer",
            "start":"May 2010",
            "end":"January 2016",
            "url":"",
            "description":[
                "Lead a development team to create tools to help our clients communicate better with their customers",
                "Created websites, web applications, mobile sites, and mobile applications for a wide variety of clients",
                "Investigated new social networks and figure out how they could be leveraged for our clients",
                "Learned and educated my team on API tools and other system to quickly tie our clients' sites to existing social platforms or other SaaS solutions"
            ]
        },
        {
            "company":"J.W. Hutton, St. Charles, IA (purchased by United Healthcare)",
            "title":"IT Director",
            "start":"July 2002",
            "end":"April 2010",
            "url":"",
            "description":[
                "Developed web applications using PHP and ASP",
                "Created and maintained databases in MSSQL, MySQL, and Access",
                "Maintained windows network and all member PCs",
                "Administered Active Directory domain",
                "Streamlined/automated company workflow processes",
                "Researched and purchased new equipment (servers, networking, printers, PCs)"
            ]       
        },
        {
            "company":"DCi",
            "title":"Web Application Developer",
            "start":"March 2001",
            "end":"July 2002",
            "url":"",
            "description":[
                "Developed web applications using ASP",
                "Wrote Oracle Packages using PL/SQL",
                "Worked with a team to maintain business critical application"
            ]
        },
        {
            "company":"Principal Financial Group",
            "title":"Application Developer",
            "start":"January 1999",
            "end":"March 2001",
            "url":"",
            "description":[
                "Developed and maintained applications to support sales staff",
                "Worked with phone support staff to translate customer complaints into application fixes"
            ]
        }
    ]
}