{
    "data": [
        {
            "year": 1976,
            "grade":0,
            "home": {
                "street": "3517 57th Street",
                "city": "Des Moines",
                "state": "Iowa",
                "zip": "50310",
                "position" : {"lat": 41.6271481, "lng": -93.69599149999999}
            },
            "memories": [

            ]
        },
        {
            "year": 1977,
            "grade":0,
            "home": {
                "street": "3517 57th Street",
                "city": "Des Moines",
                "state": "Iowa",
                "zip": "50310",
                "position" : {"lat": 41.6271481, "lng": -93.69599149999999}
            },
            "memories": [

            ]
        },
        {
            "year": 1978,
            "grade":0,
            "home": {
                "street": "3517 57th Street",
                "city": "Des Moines",
                "state": "Iowa",
                "zip": "50310",
                "position" : {"lat": 41.6271481, "lng": -93.69599149999999}
            },
            "memories": [

            ]
        },
        {
            "year": 1979,
            "grade":0,
            "home": {
                "street": "3517 57th Street",
                "city": "Des Moines",
                "state": "Iowa",
                "zip": "50310",
                "position" : {"lat": 41.6271481, "lng": -93.69599149999999}
            },
            "memories": [

            ]
        },
        {
            "year": 1980,
            "grade":0,
            "home": {
                "street": "3517 57th Street",
                "city": "Des Moines",
                "state": "Iowa",
                "zip": "50310",
                "position" : {"lat": 41.6271481, "lng": -93.69599149999999}
            },
            "memories": [

            ]
        },
        {
            "year": 1981,
            "grade":0,
            "home": {
                "street": "3517 57th Street",
                "city": "Des Moines",
                "state": "Iowa",
                "zip": "50310",
                "position" : {"lat": 41.6271481, "lng": -93.69599149999999}
            },
            "memories": [

            ]
        },
        {
            "year": 1982,
            "grade":0,
            "home": {
                "street": "3517 57th Street",
                "city": "Des Moines",
                "state": "Iowa",
                "zip": "50310",
                "position" : {"lat": 41.6271481, "lng": -93.69599149999999}
            },
            "memories": [

            ]
        },
        {
            "year": 1983,
            "grade":0,
            "home": {
                "street": "3517 57th Street",
                "city": "Des Moines",
                "state": "Iowa",
                "zip": "50310",
                "position" : {"lat": 41.6271481, "lng": -93.69599149999999}
            },
            "memories": [

            ]
        },
        {
            "year": 1984,
            "grade":1,
            "home": {
                "street": "1211 West Orchard St",
                "city": "Centerville",
                "state": "Iowa",
                "zip": "502544",
                "position" : {"lat": 40.7394851, "lng": -92.88625839999997}
            },
            "memories": [

            ]
        },
        {
            "year": 1985,
            "grade":2,
            "home": {
                "street": "1211 West Orchard St",
                "city": "Centerville",
                "state": "Iowa",
                "zip": "502544",
                "position" : {"lat": 40.7394851, "lng": -92.88625839999997}
            },
            "memories": [

            ]
        },
        {
            "year": 1986,
            "grade":3,
            "home": {
                "street": "1211 West Orchard St",
                "city": "Centerville",
                "state": "Iowa",
                "zip": "502544",
                "position" : {"lat": 40.7394851, "lng": -92.88625839999997}
            },
            "memories": [

            ]
        },
        {
            "year": 1987,
            "grade":4,
            "home": {
                "street": "1214 Levin Dr",
                "city": "Knoxville",
                "state": "Iowa",
                "zip": "50318",
                "position" : {"lat": 41.3294752, "lng": -93.11839090000001}
            },
            "memories": [

            ]
        },
        {
            "year": 1988,
            "grade":5,
            "home": {
                "street": "1402 Woodland",
                "city": "Des Moines",
                "state": "Iowa",
                "zip": "50318",
                "position" : {"lat": 41.3309135, "lng": -93.11751}
            },
            "memories": [

            ]
        },
        {
            "year": 1989,
            "grade":6,
            "home": {
                "street": "1402 Woodland",
                "city": "Des Moines",
                "state": "Iowa",
                "zip": "50318",
                "position" : {"lat": 41.3309135, "lng": -93.11751}
            },
            "memories": [

            ]
        },
        {
            "year": 1990,
            "grade":7,
            "home": {
                "street": "1674 150th Ave",
                "city": "Knoxville",
                "state": "Iowa",
                "zip": "50318",
                "position": {"lat":  41.326463, "lng": -93.05964839}
            },
            "memories": [

            ]
        },
        {
            "year": 1991,
            "grade":8,
            "home": {
                "street": "1674 150th Ave",
                "city": "Knoxville",
                "state": "Iowa",
                "zip": "50318",
                "position": {"lat": 41.326463, "lng": -93.05964839}
            },
            "memories": [

            ]
        },
        {
            "year": 1992,
            "grade":9,
            "home": {
                "street": "1674 150th Ave",
                "city": "Knoxville",
                "state": "Iowa",
                "zip": "50318",
                "position": {"lat": 41.326463, "lng": -93.05964839}
            },
            "memories": [

            ]
        },
        {
            "year": 1993,
            "grade":10,
            "home": {
                "street": "306 S Conrey Ave",
                "city": "Knoxville",
                "state": "Iowa",
                "zip": "50318",
                "position": {"lat": 41.3163159, "lng": -93.11346150000003}
            },
            "memories": [

            ]
        },
        {
            "year": 1994,
            "grade":11,
            "home": {
                "street": "306 S  Conrey Ave",
                "city": "Knoxville",
                "state": "Iowa",
                "zip": "50318",
                "position": {"lat": 41.3163159, "lng": -93.11346150000003}
            },
            "memories": [

            ]
        },
        {
            "year": 1995,
            "grade":12,
            "home": {
                "street": "701 N C St",
                "city": "Indianola",
                "state": "Iowa",
                "zip": "50125",
                "position": {"lat": 41.3658787, "lng": -93.5651694}
            },
            "memories": [

            ]
        },
        {
            "year": 1996,
            "grade":13,
            "home": {
                "street": "701 N C St",
                "city": "Indianola",
                "state": "Iowa",
                "zip": "50125",
                "position": {"lat": 41.3658787, "lng": -93.5651694}
            },
            "memories": [

            ]
        },
        {
            "year": 1997,
            "grade":14,
            "home": {
                "street": "701 N C St",
                "city": "Indianola",
                "state": "Iowa",
                "zip": "50125",
                "position": {"lat": 41.3658787, "lng": -93.5651694}
            },
            "memories": [

            ]
        },
        {
            "year": 1998,
            "grade":15,
            "home": {
                "street": "701 N C St",
                "city": "Indianola",
                "state": "Iowa",
                "zip": "50125",
                "position": {"lat": 41.3658787, "lng": -93.5651694}
            },
            "memories": [

            ]
        },
        {
            "year": 1999,
            "grade":16,
            "home": {
                "street": "5901 Vista Dr",
                "city": "West Des Moines",
                "state": "Iowa",
                "zip": "50266",
                "position": {"lat": 41.590614, "lng": -93.78955489999998}
            },
            "memories": [

            ]
        },
        {
            "year": 2000,
            "grade":0,
            "home": {
                "street": "1800 Watrous Ave, Apt 40B",
                "city": "Des Moines",
                "state": "Iowa",
                "zip": "50315",
                "position": {"lat": 41.54716519999999, "lng": -93.6416309}
            },
            "memories": [

            ]
        },
        {
            "year": 2001,
            "grade":0,
            "home": {
                "street": "1800 Watrous Ave, Apt 40B",
                "city": "Des Moines",
                "state": "Iowa",
                "zip": "50315",
                "position": {"lat": 41.54716519999999, "lng": -93.6416309}
            },
            "memories": [

            ]
        },
        {
            "year": 2002,
            "grade":0,
            "home": {
                "street": "1800 Watrous Ave, Apt 40B",
                "city": "Des Moines",
                "state": "Iowa",
                "zip": "50315",
                "position": {"lat": 41.54716519999999, "lng": -93.6416309}
            },
            "memories": [

            ]
        },
        {
            "year": 2003,
            "grade":0,
            "home": {
                "street": "1800 Watrous Ave, Apt 40B",
                "city": "Des Moines",
                "state": "Iowa",
                "zip": "50315",
                "position": {"lat": 41.54716519999999, "lng": -93.6416309}
            },
            "memories": [

            ]
        },
        {
            "year": 2004,
            "grade":0,
            "home": {
                "street": "1707 Huntland Drive",
                "city": "Des Moines",
                "state": "Iowa",
                "zip": "50310",
                "position": {"lat": 41.6081685, "lng": -93.67230819999997}
            },
            "memories": [

            ]
        },
        {
            "year": 2005,
            "grade":0,
            "home": {
                "street": "1707 Huntland Drive",
                "city": "Des Moines",
                "state": "Iowa",
                "zip": "50310",
                "position": {"lat": 41.6081685, "lng": -93.67230819999997}
            },
            "memories": [

            ]
        },
        {
            "year": 2006,
            "grade":0,
            "home": {
                "street": "1707 Huntland Drive",
                "city": "Des Moines",
                "state": "Iowa",
                "zip": "50310",
                "position": {"lat": 41.6081685, "lng": -93.67230819999997}
            },
            "memories": [

            ]
        },
        {
            "year": 2007,
            "grade":0,
            "home": {
                "street": "1707 Huntland Drive",
                "city": "Des Moines",
                "state": "Iowa",
                "zip": "50310",
                "position": {"lat": 41.6081685, "lng": -93.67230819999997}
            },
            "memories": [

            ]
        },
        {
            "year": 2008,
            "grade":0,
            "home": {
                "street": "1707 Huntland Drive",
                "city": "Des Moines",
                "state": "Iowa",
                "zip": "50310",
                "position": {"lat": 41.6081685, "lng": -93.67230819999997}
            },
            "memories": [

            ]
        },
        {
            "year": 2009,
            "grade":0,
            "home": {
                "street": "1707 Huntland Drive",
                "city": "Des Moines",
                "state": "Iowa",
                "zip": "50310",
                "position": {"lat": 41.6081685, "lng": -93.67230819999997}
            },
            "memories": [

            ]
        },
        {
            "year": 2010,
            "grade":0,
            "home": {
                "street": "1707 Huntland Drive",
                "city": "Des Moines",
                "state": "Iowa",
                "zip": "50310",
                "position": {"lat": 41.6081685, "lng": -93.67230819999997}
            },
            "memories": [

            ]
        },
        {
            "year": 2011,
            "grade":0,
            "home": {
                "street": "1707 Huntland Drive",
                "city": "Des Moines",
                "state": "Iowa",
                "zip": "50310",
                "position": {"lat": 41.6081685, "lng": -93.67230819999997}
            },
            "memories": [

            ]
        },
        {
            "year": 2012,
            "grade":0,
            "home": {
                "street": "1707 Huntland Drive",
                "city": "Des Moines",
                "state": "Iowa",
                "zip": "50310",
                "position": {"lat": 41.6081685, "lng": -93.67230819999997}
            },
            "memories": [

            ]
        },
        {
            "year": 2013,
            "grade":0,
            "home": {
                "street": "1707 Huntland Drive",
                "city": "Des Moines",
                "state": "Iowa",
                "zip": "50310",
                "position": {"lat": 41.6081685, "lng": -93.67230819999997}
            },
            "memories": [

            ]
        },
        {
            "year": 2014,
            "grade":0,
            "home": {
                "street": "1707 Huntland Drive",
                "city": "Des Moines",
                "state": "Iowa",
                "zip": "50310",
                "position": {"lat": 41.6081685, "lng": -93.67230819999997}
            },
            "memories": [

            ]
        },
        {
            "year": 2015,
            "grade":0,
            "home": {
                "street": "1707 Huntland Drive",
                "city": "Des Moines",
                "state": "Iowa",
                "zip": "50310",
                "position": {"lat": 41.6081685, "lng": -93.67230819999997}
            },
            "memories": [

            ]
        },
        {
            "year": 2016,
            "grade":0,
            "home": {
                "street": "1707 Huntland Drive",
                "city": "Des Moines",
                "state": "Iowa",
                "zip": "50310",
                "position": {"lat": 41.6081685, "lng": -93.67230819999997}
            },
            "memories": [

            ]
        },
        {
            "year": 2017,
            "grade":0,
            "home": {
                "street": "1707 Huntland Drive",
                "city": "Des Moines",
                "state": "Iowa",
                "zip": "50310",
                "position": {"lat": 41.6081685, "lng": -93.67230819999997}
            },
            "memories": [

            ]
        }
    ]
}
