{ 
    "data":[
        {
            "label": "Languages",
            "skills": [
                "PHP",
                "SQL (MSSQL, MySQL, Oracle)",
                "JavaScript (ES6/7/8)"
            ]
        },
        {
            "label": "Frameworks/APIs",
            "skills": [
                "WordPress",
                "jQuery",
                "Twitter API",
                "Instagram API",
                "Stripe",
                "Revv"
            ]
        },
        {
            "label": "Worked With But Not a Master Of",
            "skills": [
                "React",
                "Angular",
                "Node",
                "Vagrant",
                "Docker",
                "Jest/Jasmine/Mocha",
                "Webpack",
                "Obj-C"
            ]
        }
    ]
}